{
	"botSession": {
		"chatConversations": [
			{
				"acceptedIncorrectResponses": [],
				"answerType": 0,
				"answers": [],
				"audioState": 0,
				"correctResponses": [],
				"delay": 1,
				"entryPointForNewBot": false,
				"entryPointForNewTest": false,
				"exitPoint": false,
				"fileId": "starbucks_bot_how_to_take_an_order##1",
				"filename": "",
				"from": "Lin",
				"groupid": 0,
				"id": 0,
				"isEntryPointForNewBot": false,
				"isEntryPointForNewTest": false,
				"isExitPoint": false,
				"mediaUrl": "",
				"nextBubbleId": 1,
				"nextErrorBubbleId": 0,
				"optionsCount": 0,
				"questionsCount": 0,
				"responseType": 0,
				"score": 0,
				"scoreBasedNextBubblesId": "",
				"text": "Hello! 😊",
				"timeStamp": 1482128401159
			},
			{
				"acceptedIncorrectResponses": [],
				"answerType": 0,
				"answers": [
					{
						"answerType": 0,
						"fileId": "starbucks_bot_how_to_take_an_order##1",
						"filename": "",
						"id": 1,
						"isEntryPointForNewBot": false,
						"isEntryPointForNewTest": false,
						"isExitPoint": false,
						"nextBubbleId": 2,
						"questionsCount": 0,
						"score": 0,
						"text": "Sure!"
					}
				],
				"audioState": 0,
				"correctResponses": [],
				"delay": 1,
				"entryPointForNewBot": false,
				"entryPointForNewTest": false,
				"exitPoint": false,
				"fileId": "starbucks_bot_how_to_take_an_order##1",
				"filename": "",
				"from": "Lin",
				"groupid": 0,
				"id": 1,
				"isEntryPointForNewBot": false,
				"isEntryPointForNewTest": false,
				"isExitPoint": false,
				"mediaUrl": "",
				"nextBubbleId": 2,
				"nextErrorBubbleId": 0,
				"optionsCount": 1,
				"questionsCount": 0,
				"responseType": 1,
				"score": 0,
				"scoreBasedNextBubblesId": "",
				"text": "Let's learn how to take a customer's order at Starbucks.",
				"timeStamp": 1482128403692
			},
			{
				"acceptedIncorrectResponses": [],
				"answerType": 0,
				"answers": [],
				"audioState": 0,
				"correctResponses": [],
				"delay": 0,
				"entryPointForNewBot": false,
				"entryPointForNewTest": false,
				"exitPoint": false,
				"fileId": "starbucks_bot_how_to_take_an_order##1",
				"filename": "",
				"from": "User",
				"groupid": 0,
				"id": 1,
				"isEntryPointForNewBot": false,
				"isEntryPointForNewTest": false,
				"isExitPoint": false,
				"nextBubbleId": 2,
				"nextErrorBubbleId": 0,
				"optionsCount": 0,
				"questionsCount": 0,
				"responseType": 0,
				"score": 0,
				"scoreBasedNextBubblesId": "",
				"text": "Sure!",
				"timeStamp": 1482128454552
			},
			{
				"acceptedIncorrectResponses": [],
				"answerType": 0,
				"answers": [
					{
						"answerType": 0,
						"fileId": "starbucks_bot_how_to_take_an_order##1",
						"filename": "",
						"id": 2,
						"isEntryPointForNewBot": false,
						"isEntryPointForNewTest": false,
						"isExitPoint": false,
						"nextBubbleId": 3,
						"questionsCount": 0,
						"score": 0,
						"text": "What's a register?"
					}
				],
				"audioState": 0,
				"correctResponses": [],
				"delay": 1,
				"entryPointForNewBot": false,
				"entryPointForNewTest": false,
				"exitPoint": false,
				"fileId": "starbucks_bot_how_to_take_an_order##1",
				"filename": "",
				"from": "Lin",
				"groupid": 0,
				"id": 2,
				"isEntryPointForNewBot": false,
				"isEntryPointForNewTest": false,
				"isExitPoint": false,
				"mediaUrl": "",
				"nextBubbleId": 3,
				"nextErrorBubbleId": 0,
				"optionsCount": 1,
				"questionsCount": 0,
				"responseType": 1,
				"score": 0,
				"scoreBasedNextBubblesId": "",
				"text": "A customer always places the order at the <b>register</b>.",
				"timeStamp": 1482128457581
			},
			{
				"acceptedIncorrectResponses": [],
				"answerType": 0,
				"answers": [],
				"audioState": 0,
				"correctResponses": [],
				"delay": 0,
				"entryPointForNewBot": false,
				"entryPointForNewTest": false,
				"exitPoint": false,
				"fileId": "starbucks_bot_how_to_take_an_order##1",
				"filename": "",
				"from": "User",
				"groupid": 0,
				"id": 2,
				"isEntryPointForNewBot": false,
				"isEntryPointForNewTest": false,
				"isExitPoint": false,
				"nextBubbleId": 3,
				"nextErrorBubbleId": 0,
				"optionsCount": 0,
				"questionsCount": 0,
				"responseType": 0,
				"score": 0,
				"scoreBasedNextBubblesId": "",
				"text": "What's a register?",
				"timeStamp": 1482128458579
			},
			{
				"acceptedIncorrectResponses": [],
				"answerType": 0,
				"answers": [
					{
						"answerType": 0,
						"fileId": "starbucks_bot_how_to_take_an_order##1",
						"filename": "",
						"id": 3,
						"isEntryPointForNewBot": false,
						"isEntryPointForNewTest": false,
						"isExitPoint": false,
						"nextBubbleId": 4,
						"questionsCount": 0,
						"score": 0,
						"text": "Got it 👍"
					}
				],
				"audioState": 0,
				"correctResponses": [],
				"delay": 1,
				"entryPointForNewBot": false,
				"entryPointForNewTest": false,
				"exitPoint": false,
				"fileId": "starbucks_bot_how_to_take_an_order##1",
				"filename": "",
				"from": "Lin",
				"groupid": 0,
				"id": 3,
				"isEntryPointForNewBot": false,
				"isEntryPointForNewTest": false,
				"isExitPoint": false,
				"mediaUrl": "cash_register.jpg",
				"nextBubbleId": 4,
				"nextErrorBubbleId": 0,
				"optionsCount": 1,
				"questionsCount": 0,
				"responseType": 2,
				"score": 0,
				"scoreBasedNextBubblesId": "",
				"text": "The register is the cash counter where a Starbucks employee takes orders.",
				"timeStamp": 1482128461600
			},
			{
				"acceptedIncorrectResponses": [],
				"answerType": 0,
				"answers": [],
				"audioState": 0,
				"correctResponses": [],
				"delay": 0,
				"entryPointForNewBot": false,
				"entryPointForNewTest": false,
				"exitPoint": false,
				"fileId": "starbucks_bot_how_to_take_an_order##1",
				"filename": "",
				"from": "User",
				"groupid": 0,
				"id": 3,
				"isEntryPointForNewBot": false,
				"isEntryPointForNewTest": false,
				"isExitPoint": false,
				"nextBubbleId": 4,
				"nextErrorBubbleId": 0,
				"optionsCount": 0,
				"questionsCount": 0,
				"responseType": 0,
				"score": 0,
				"scoreBasedNextBubblesId": "",
				"text": "Got it 👍",
				"timeStamp": 1482128462945
			},
			{
				"acceptedIncorrectResponses": [],
				"answerType": 0,
				"answers": [],
				"audioState": 0,
				"correctResponses": [],
				"delay": 3,
				"entryPointForNewBot": false,
				"entryPointForNewTest": false,
				"exitPoint": false,
				"fileId": "starbucks_bot_how_to_take_an_order##1",
				"filename": "",
				"from": "Lin",
				"groupid": 0,
				"id": 4,
				"isEntryPointForNewBot": false,
				"isEntryPointForNewTest": false,
				"isExitPoint": false,
				"mediaUrl": "",
				"nextBubbleId": 5,
				"nextErrorBubbleId": 0,
				"optionsCount": 0,
				"questionsCount": 0,
				"responseType": 0,
				"score": 0,
				"scoreBasedNextBubblesId": "",
				"text": "Great! Let's pretend you are taking orders at Starbucks.",
				"timeStamp": 1482128465967
			},
			{
				"acceptedIncorrectResponses": [],
				"answerType": 0,
				"answers": [
					{
						"answerType": 1,
						"fileId": "starbucks_bot_how_to_take_an_order##1",
						"filename": "",
						"id": 5,
						"isEntryPointForNewBot": false,
						"isEntryPointForNewTest": false,
						"isExitPoint": false,
						"nextBubbleId": 6,
						"questionsCount": 0,
						"score": 1,
						"text": "Hi! Welcome to Starbucks."
					},
					{
						"answerType": 1,
						"fileId": "starbucks_bot_how_to_take_an_order##1",
						"filename": "",
						"id": 5,
						"isEntryPointForNewBot": false,
						"isEntryPointForNewTest": false,
						"isExitPoint": false,
						"nextBubbleId": 7,
						"questionsCount": 0,
						"score": 0,
						"text": "What would you like to have?"
					},
					{
						"answerType": 1,
						"fileId": "starbucks_bot_how_to_take_an_order##1",
						"filename": "",
						"id": 5,
						"isEntryPointForNewBot": false,
						"isEntryPointForNewTest": false,
						"isExitPoint": false,
						"nextBubbleId": 7,
						"questionsCount": 0,
						"score": 0,
						"text": "Would you like to place your order?"
					}
				],
				"audioState": 0,
				"correctResponses": [],
				"delay": 1,
				"entryPointForNewBot": false,
				"entryPointForNewTest": false,
				"exitPoint": false,
				"fileId": "starbucks_bot_how_to_take_an_order##1",
				"filename": "",
				"from": "Lin",
				"groupid": 0,
				"id": 5,
				"isEntryPointForNewBot": false,
				"isEntryPointForNewTest": false,
				"isExitPoint": false,
				"mediaUrl": "",
				"nextBubbleId": 9,
				"nextErrorBubbleId": 0,
				"optionsCount": 3,
				"questionsCount": 0,
				"responseType": 1,
				"score": 0,
				"scoreBasedNextBubblesId": "",
				"text": "What is the first thing you will say to a customer?",
				"timeStamp": 1482128469488
			},
			{
				"acceptedIncorrectResponses": [],
				"answerType": 1,
				"answers": [],
				"audioState": 0,
				"correctResponses": [],
				"delay": 0,
				"entryPointForNewBot": false,
				"entryPointForNewTest": false,
				"exitPoint": false,
				"fileId": "starbucks_bot_how_to_take_an_order##1",
				"filename": "",
				"from": "User",
				"groupid": 0,
				"id": 5,
				"isEntryPointForNewBot": false,
				"isEntryPointForNewTest": false,
				"isExitPoint": false,
				"nextBubbleId": 6,
				"nextErrorBubbleId": 0,
				"optionsCount": 0,
				"questionsCount": 0,
				"responseType": 0,
				"score": 1,
				"scoreBasedNextBubblesId": "",
				"text": "Hi! Welcome to Starbucks.",
				"timeStamp": 1482128471694
			},
			{
				"acceptedIncorrectResponses": [],
				"answerType": 0,
				"answers": [],
				"audioState": 0,
				"correctResponses": [],
				"delay": 1,
				"entryPointForNewBot": false,
				"entryPointForNewTest": false,
				"exitPoint": false,
				"fileId": "starbucks_bot_how_to_take_an_order##1",
				"filename": "",
				"from": "Lin",
				"groupid": 0,
				"id": 6,
				"isEntryPointForNewBot": false,
				"isEntryPointForNewTest": false,
				"isExitPoint": false,
				"mediaUrl": "",
				"nextBubbleId": 9,
				"nextErrorBubbleId": 0,
				"optionsCount": 0,
				"questionsCount": 0,
				"responseType": 0,
				"score": 0,
				"scoreBasedNextBubblesId": "",
				"text": "That's correct! 👍",
				"timeStamp": 1482128474717
			},
			{
				"acceptedIncorrectResponses": [],
				"answerType": 0,
				"answers": [
					{
						"answerType": 1,
						"fileId": "starbucks_bot_how_to_take_an_order##1",
						"filename": "",
						"id": 9,
						"isEntryPointForNewBot": false,
						"isEntryPointForNewTest": false,
						"isExitPoint": false,
						"nextBubbleId": 10,
						"questionsCount": 0,
						"score": 0,
						"text": "Can I take your order?"
					},
					{
						"answerType": 1,
						"fileId": "starbucks_bot_how_to_take_an_order##1",
						"filename": "",
						"id": 9,
						"isEntryPointForNewBot": false,
						"isEntryPointForNewTest": false,
						"isExitPoint": false,
						"nextBubbleId": 11,
						"questionsCount": 0,
						"score": 1,
						"text": "May I take your order?"
					},
					{
						"answerType": 1,
						"fileId": "starbucks_bot_how_to_take_an_order##1",
						"filename": "",
						"id": 9,
						"isEntryPointForNewBot": false,
						"isEntryPointForNewTest": false,
						"isExitPoint": false,
						"nextBubbleId": 10,
						"questionsCount": 0,
						"score": 0,
						"text": "What do you want to have?"
					}
				],
				"audioState": 0,
				"correctResponses": [],
				"delay": 1,
				"entryPointForNewBot": false,
				"entryPointForNewTest": false,
				"exitPoint": false,
				"fileId": "starbucks_bot_how_to_take_an_order##1",
				"filename": "",
				"from": "Lin",
				"groupid": 0,
				"id": 9,
				"isEntryPointForNewBot": false,
				"isEntryPointForNewTest": false,
				"isExitPoint": false,
				"mediaUrl": "",
				"nextBubbleId": 12,
				"nextErrorBubbleId": 0,
				"optionsCount": 3,
				"questionsCount": 0,
				"responseType": 1,
				"score": 0,
				"scoreBasedNextBubblesId": "",
				"text": "After welcoming the customer, what will you say next?",
				"timeStamp": 1482128477238
			},
			{
				"acceptedIncorrectResponses": [],
				"answerType": 1,
				"answers": [],
				"audioState": 0,
				"correctResponses": [],
				"delay": 0,
				"entryPointForNewBot": false,
				"entryPointForNewTest": false,
				"exitPoint": false,
				"fileId": "starbucks_bot_how_to_take_an_order##1",
				"filename": "",
				"from": "User",
				"groupid": 0,
				"id": 9,
				"isEntryPointForNewBot": false,
				"isEntryPointForNewTest": false,
				"isExitPoint": false,
				"nextBubbleId": 11,
				"nextErrorBubbleId": 0,
				"optionsCount": 0,
				"questionsCount": 0,
				"responseType": 0,
				"score": 1,
				"scoreBasedNextBubblesId": "",
				"text": "May I take your order?",
				"timeStamp": 1482128478919
			},
			{
				"acceptedIncorrectResponses": [],
				"answerType": 0,
				"answers": [],
				"audioState": 0,
				"correctResponses": [],
				"delay": 1,
				"entryPointForNewBot": false,
				"entryPointForNewTest": false,
				"exitPoint": false,
				"fileId": "starbucks_bot_how_to_take_an_order##1",
				"filename": "",
				"from": "Lin",
				"groupid": 0,
				"id": 11,
				"isEntryPointForNewBot": false,
				"isEntryPointForNewTest": false,
				"isExitPoint": false,
				"mediaUrl": "",
				"nextBubbleId": 12,
				"nextErrorBubbleId": 0,
				"optionsCount": 0,
				"questionsCount": 0,
				"responseType": 0,
				"score": 0,
				"scoreBasedNextBubblesId": "",
				"text": "Good job! 😊",
				"timeStamp": 1482128481941
			},
			{
				"acceptedIncorrectResponses": [],
				"answerType": 0,
				"answers": [],
				"audioState": 0,
				"correctResponses": [],
				"delay": 2,
				"entryPointForNewBot": false,
				"entryPointForNewTest": false,
				"exitPoint": false,
				"fileId": "starbucks_bot_how_to_take_an_order##1",
				"filename": "",
				"from": "Lin",
				"groupid": 0,
				"id": 12,
				"isEntryPointForNewBot": false,
				"isEntryPointForNewTest": false,
				"isExitPoint": false,
				"mediaUrl": "",
				"nextBubbleId": 13,
				"nextErrorBubbleId": 0,
				"optionsCount": 0,
				"questionsCount": 0,
				"responseType": 0,
				"score": 0,
				"scoreBasedNextBubblesId": "",
				"text": "Let's listen to the customer's order.",
				"timeStamp": 1482128484468
			},
			{
				"acceptedIncorrectResponses": [],
				"answerType": 0,
				"answers": [
					{
						"answerType": 0,
						"fileId": "starbucks_bot_how_to_take_an_order##1",
						"filename": "",
						"id": 13,
						"isEntryPointForNewBot": false,
						"isEntryPointForNewTest": false,
						"isExitPoint": false,
						"nextBubbleId": 14,
						"questionsCount": 0,
						"score": 0,
						"text": "Heard the order 👍"
					}
				],
				"audioState": 0,
				"correctResponses": [],
				"delay": 2,
				"entryPointForNewBot": false,
				"entryPointForNewTest": false,
				"exitPoint": false,
				"fileId": "starbucks_bot_how_to_take_an_order##1",
				"filename": "",
				"from": "Lin",
				"groupid": 0,
				"id": 13,
				"isEntryPointForNewBot": false,
				"isEntryPointForNewTest": false,
				"isExitPoint": false,
				"mediaUrl": "how_to_take_an_order_1.3gp",
				"nextBubbleId": 14,
				"nextErrorBubbleId": 0,
				"optionsCount": 1,
				"questionsCount": 0,
				"responseType": 3,
				"score": 0,
				"scoreBasedNextBubblesId": "",
				"text": "",
				"timeStamp": 1482128487499
			},
			{
				"acceptedIncorrectResponses": [],
				"answerType": 0,
				"answers": [],
				"audioState": 0,
				"correctResponses": [],
				"delay": 0,
				"entryPointForNewBot": false,
				"entryPointForNewTest": false,
				"exitPoint": false,
				"fileId": "starbucks_bot_how_to_take_an_order##1",
				"filename": "",
				"from": "User",
				"groupid": 0,
				"id": 13,
				"isEntryPointForNewBot": false,
				"isEntryPointForNewTest": false,
				"isExitPoint": false,
				"nextBubbleId": 14,
				"nextErrorBubbleId": 0,
				"optionsCount": 0,
				"questionsCount": 0,
				"responseType": 0,
				"score": 0,
				"scoreBasedNextBubblesId": "",
				"text": "Heard the order 👍",
				"timeStamp": 1482128489092
			},
			{
				"acceptedIncorrectResponses": [],
				"answerType": 0,
				"answers": [
					{
						"answerType": 1,
						"fileId": "starbucks_bot_how_to_take_an_order##1",
						"filename": "",
						"id": 14,
						"isEntryPointForNewBot": false,
						"isEntryPointForNewTest": false,
						"isExitPoint": false,
						"nextBubbleId": 15,
						"questionsCount": 0,
						"score": 0,
						"text": "1 cappuccino, 1 coffee, 1 latte"
					},
					{
						"answerType": 1,
						"fileId": "starbucks_bot_how_to_take_an_order##1",
						"filename": "",
						"id": 14,
						"isEntryPointForNewBot": false,
						"isEntryPointForNewTest": false,
						"isExitPoint": false,
						"nextBubbleId": 16,
						"questionsCount": 0,
						"score": 1,
						"text": "1 cappuccino, 1 caffe latte"
					},
					{
						"answerType": 1,
						"fileId": "starbucks_bot_how_to_take_an_order##1",
						"filename": "",
						"id": 14,
						"isEntryPointForNewBot": false,
						"isEntryPointForNewTest": false,
						"isExitPoint": false,
						"nextBubbleId": 15,
						"questionsCount": 0,
						"score": 0,
						"text": "1 cappuccino, 1 coffee latte"
					}
				],
				"audioState": 0,
				"correctResponses": [],
				"delay": 1,
				"entryPointForNewBot": false,
				"entryPointForNewTest": false,
				"exitPoint": false,
				"fileId": "starbucks_bot_how_to_take_an_order##1",
				"filename": "",
				"from": "Lin",
				"groupid": 0,
				"id": 14,
				"isEntryPointForNewBot": false,
				"isEntryPointForNewTest": false,
				"isExitPoint": false,
				"mediaUrl": "",
				"nextBubbleId": 17,
				"nextErrorBubbleId": 0,
				"optionsCount": 3,
				"questionsCount": 0,
				"responseType": 1,
				"score": 0,
				"scoreBasedNextBubblesId": "",
				"text": "Awesome. What did the customer order?",
				"timeStamp": 1482128492098
			},
			{
				"acceptedIncorrectResponses": [],
				"answerType": 1,
				"answers": [],
				"audioState": 0,
				"correctResponses": [],
				"delay": 0,
				"entryPointForNewBot": false,
				"entryPointForNewTest": false,
				"exitPoint": false,
				"fileId": "starbucks_bot_how_to_take_an_order##1",
				"filename": "",
				"from": "User",
				"groupid": 0,
				"id": 14,
				"isEntryPointForNewBot": false,
				"isEntryPointForNewTest": false,
				"isExitPoint": false,
				"nextBubbleId": 16,
				"nextErrorBubbleId": 0,
				"optionsCount": 0,
				"questionsCount": 0,
				"responseType": 0,
				"score": 1,
				"scoreBasedNextBubblesId": "",
				"text": "1 cappuccino, 1 caffe latte",
				"timeStamp": 1482128494133
			},
			{
				"acceptedIncorrectResponses": [],
				"answerType": 0,
				"answers": [],
				"audioState": 0,
				"correctResponses": [],
				"delay": 2,
				"entryPointForNewBot": false,
				"entryPointForNewTest": false,
				"exitPoint": false,
				"fileId": "starbucks_bot_how_to_take_an_order##1",
				"filename": "",
				"from": "Lin",
				"groupid": 0,
				"id": 16,
				"isEntryPointForNewBot": false,
				"isEntryPointForNewTest": false,
				"isExitPoint": false,
				"mediaUrl": "",
				"nextBubbleId": 17,
				"nextErrorBubbleId": 0,
				"optionsCount": 0,
				"questionsCount": 0,
				"responseType": 0,
				"score": 0,
				"scoreBasedNextBubblesId": "",
				"text": "Well done 👌",
				"timeStamp": 1482128497153
			},
			{
				"acceptedIncorrectResponses": [],
				"answerType": 0,
				"answers": [],
				"audioState": 0,
				"correctResponses": [],
				"delay": 3,
				"entryPointForNewBot": false,
				"entryPointForNewTest": false,
				"exitPoint": false,
				"fileId": "starbucks_bot_how_to_take_an_order##1",
				"filename": "",
				"from": "Lin",
				"groupid": 0,
				"id": 17,
				"isEntryPointForNewBot": false,
				"isEntryPointForNewTest": false,
				"isExitPoint": false,
				"mediaUrl": "",
				"nextBubbleId": 18,
				"nextErrorBubbleId": 0,
				"optionsCount": 0,
				"questionsCount": 0,
				"responseType": 0,
				"score": 0,
				"scoreBasedNextBubblesId": "",
				"text": "Next, confirm the size of the drinks the customer wants.",
				"timeStamp": 1482128500168
			},
			{
				"acceptedIncorrectResponses": [],
				"answerType": 0,
				"answers": [
					{
						"answerType": 1,
						"fileId": "starbucks_bot_how_to_take_an_order##1",
						"filename": "",
						"id": 18,
						"isEntryPointForNewBot": false,
						"isEntryPointForNewTest": false,
						"isExitPoint": false,
						"nextBubbleId": 19,
						"questionsCount": 0,
						"score": 1,
						"text": "Would you like - tall, venti or grande?"
					},
					{
						"answerType": 1,
						"fileId": "starbucks_bot_how_to_take_an_order##1",
						"filename": "",
						"id": 18,
						"isEntryPointForNewBot": false,
						"isEntryPointForNewTest": false,
						"isExitPoint": false,
						"nextBubbleId": 20,
						"questionsCount": 0,
						"score": 0,
						"text": "Regular, medium or large?"
					},
					{
						"answerType": 1,
						"fileId": "starbucks_bot_how_to_take_an_order##1",
						"filename": "",
						"id": 18,
						"isEntryPointForNewBot": false,
						"isEntryPointForNewTest": false,
						"isExitPoint": false,
						"nextBubbleId": 20,
						"questionsCount": 0,
						"score": 0,
						"text": "What drink size do you want?"
					}
				],
				"audioState": 0,
				"correctResponses": [],
				"delay": 2,
				"entryPointForNewBot": false,
				"entryPointForNewTest": false,
				"exitPoint": false,
				"fileId": "starbucks_bot_how_to_take_an_order##1",
				"filename": "",
				"from": "Lin",
				"groupid": 0,
				"id": 18,
				"isEntryPointForNewBot": false,
				"isEntryPointForNewTest": false,
				"isExitPoint": false,
				"mediaUrl": "",
				"nextBubbleId": 21,
				"nextErrorBubbleId": 0,
				"optionsCount": 3,
				"questionsCount": 0,
				"responseType": 1,
				"score": 0,
				"scoreBasedNextBubblesId": "",
				"text": "You could ask",
				"timeStamp": 1482128503695
			},
			{
				"acceptedIncorrectResponses": [],
				"answerType": 1,
				"answers": [],
				"audioState": 0,
				"correctResponses": [],
				"delay": 0,
				"entryPointForNewBot": false,
				"entryPointForNewTest": false,
				"exitPoint": false,
				"fileId": "starbucks_bot_how_to_take_an_order##1",
				"filename": "",
				"from": "User",
				"groupid": 0,
				"id": 18,
				"isEntryPointForNewBot": false,
				"isEntryPointForNewTest": false,
				"isExitPoint": false,
				"nextBubbleId": 20,
				"nextErrorBubbleId": 0,
				"optionsCount": 0,
				"questionsCount": 0,
				"responseType": 0,
				"score": 0,
				"scoreBasedNextBubblesId": "",
				"text": "What drink size do you want?",
				"timeStamp": 1482128506075
			},
			{
				"acceptedIncorrectResponses": [],
				"answerType": 0,
				"answers": [],
				"audioState": 0,
				"correctResponses": [],
				"delay": 4,
				"entryPointForNewBot": false,
				"entryPointForNewTest": false,
				"exitPoint": false,
				"fileId": "starbucks_bot_how_to_take_an_order##1",
				"filename": "",
				"from": "Lin",
				"groupid": 0,
				"id": 20,
				"isEntryPointForNewBot": false,
				"isEntryPointForNewTest": false,
				"isExitPoint": false,
				"mediaUrl": "",
				"nextBubbleId": 21,
				"nextErrorBubbleId": 0,
				"optionsCount": 0,
				"questionsCount": 0,
				"responseType": 0,
				"score": 0,
				"scoreBasedNextBubblesId": "",
				"text": "💬 Quick Tip <br> Always use the correct Starbucks names for sizes, which are - <br> <br> small = <b>tall</b> <br>regular = <b>venti</b> <br>large = <b>grande</b>",
				"timeStamp": 1482128509095
			},
			{
				"acceptedIncorrectResponses": [],
				"answerType": 0,
				"answers": [],
				"audioState": 0,
				"correctResponses": [],
				"delay": 2,
				"entryPointForNewBot": false,
				"entryPointForNewTest": false,
				"exitPoint": false,
				"fileId": "starbucks_bot_how_to_take_an_order##1",
				"filename": "",
				"from": "Lin",
				"groupid": 0,
				"id": 21,
				"isEntryPointForNewBot": false,
				"isEntryPointForNewTest": false,
				"isExitPoint": false,
				"mediaUrl": "",
				"nextBubbleId": 22,
				"nextErrorBubbleId": 0,
				"optionsCount": 0,
				"questionsCount": 0,
				"responseType": 0,
				"score": 0,
				"scoreBasedNextBubblesId": "",
				"text": "The customer says -",
				"timeStamp": 1482128513124
			},
			{
				"acceptedIncorrectResponses": [],
				"answerType": 0,
				"answers": [
					{
						"answerType": 0,
						"fileId": "starbucks_bot_how_to_take_an_order##1",
						"filename": "",
						"id": 22,
						"isEntryPointForNewBot": false,
						"isEntryPointForNewTest": false,
						"isExitPoint": false,
						"nextBubbleId": 23,
						"questionsCount": 0,
						"score": 0,
						"text": "Understood!"
					}
				],
				"audioState": 0,
				"correctResponses": [],
				"delay": 2,
				"entryPointForNewBot": false,
				"entryPointForNewTest": false,
				"exitPoint": false,
				"fileId": "starbucks_bot_how_to_take_an_order##1",
				"filename": "",
				"from": "Lin",
				"groupid": 0,
				"id": 22,
				"isEntryPointForNewBot": false,
				"isEntryPointForNewTest": false,
				"isExitPoint": false,
				"mediaUrl": "how_to_take_an_order_2.3gp",
				"nextBubbleId": 23,
				"nextErrorBubbleId": 0,
				"optionsCount": 1,
				"questionsCount": 0,
				"responseType": 3,
				"score": 0,
				"scoreBasedNextBubblesId": "",
				"text": "",
				"timeStamp": 1482128516146
			},
			{
				"acceptedIncorrectResponses": [],
				"answerType": 0,
				"answers": [],
				"audioState": 0,
				"correctResponses": [],
				"delay": 0,
				"entryPointForNewBot": false,
				"entryPointForNewTest": false,
				"exitPoint": false,
				"fileId": "starbucks_bot_how_to_take_an_order##1",
				"filename": "",
				"from": "User",
				"groupid": 0,
				"id": 22,
				"isEntryPointForNewBot": false,
				"isEntryPointForNewTest": false,
				"isExitPoint": false,
				"nextBubbleId": 23,
				"nextErrorBubbleId": 0,
				"optionsCount": 0,
				"questionsCount": 0,
				"responseType": 0,
				"score": 0,
				"scoreBasedNextBubblesId": "",
				"text": "Understood!",
				"timeStamp": 1482128517865
			},
			{
				"acceptedIncorrectResponses": [],
				"answerType": 0,
				"answers": [
					{
						"answerType": 1,
						"fileId": "starbucks_bot_how_to_take_an_order##1",
						"filename": "",
						"id": 23,
						"isEntryPointForNewBot": false,
						"isEntryPointForNewTest": false,
						"isExitPoint": false,
						"nextBubbleId": 25,
						"questionsCount": 0,
						"score": 0,
						"text": "1 Cappuccino - tall, 1 Caffe Latte - venti"
					},
					{
						"answerType": 1,
						"fileId": "starbucks_bot_how_to_take_an_order##1",
						"filename": "",
						"id": 23,
						"isEntryPointForNewBot": false,
						"isEntryPointForNewTest": false,
						"isExitPoint": false,
						"nextBubbleId": 25,
						"questionsCount": 0,
						"score": 0,
						"text": "1 Cappuccino - grande, 1 Latte - tall"
					},
					{
						"answerType": 1,
						"fileId": "starbucks_bot_how_to_take_an_order##1",
						"filename": "",
						"id": 23,
						"isEntryPointForNewBot": false,
						"isEntryPointForNewTest": false,
						"isExitPoint": false,
						"nextBubbleId": 24,
						"questionsCount": 0,
						"score": 1,
						"text": "1 Cappuccino - grande, 1 Caffe Latte - venti"
					}
				],
				"audioState": 0,
				"correctResponses": [],
				"delay": 2,
				"entryPointForNewBot": false,
				"entryPointForNewTest": false,
				"exitPoint": false,
				"fileId": "starbucks_bot_how_to_take_an_order##1",
				"filename": "",
				"from": "Lin",
				"groupid": 0,
				"id": 23,
				"isEntryPointForNewBot": false,
				"isEntryPointForNewTest": false,
				"isExitPoint": false,
				"mediaUrl": "",
				"nextBubbleId": 21,
				"nextErrorBubbleId": 0,
				"optionsCount": 3,
				"questionsCount": 0,
				"responseType": 1,
				"score": 0,
				"scoreBasedNextBubblesId": "",
				"text": "What sizes does the customer want?",
				"timeStamp": 1482128520879
			},
			{
				"acceptedIncorrectResponses": [],
				"answerType": 1,
				"answers": [],
				"audioState": 0,
				"correctResponses": [],
				"delay": 0,
				"entryPointForNewBot": false,
				"entryPointForNewTest": false,
				"exitPoint": false,
				"fileId": "starbucks_bot_how_to_take_an_order##1",
				"filename": "",
				"from": "User",
				"groupid": 0,
				"id": 23,
				"isEntryPointForNewBot": false,
				"isEntryPointForNewTest": false,
				"isExitPoint": false,
				"nextBubbleId": 25,
				"nextErrorBubbleId": 0,
				"optionsCount": 0,
				"questionsCount": 0,
				"responseType": 0,
				"score": 0,
				"scoreBasedNextBubblesId": "",
				"text": "1 Cappuccino - grande, 1 Latte - tall",
				"timeStamp": 1482128522665
			},
			{
				"acceptedIncorrectResponses": [],
				"answerType": 0,
				"answers": [],
				"audioState": 0,
				"correctResponses": [],
				"delay": 2,
				"entryPointForNewBot": false,
				"entryPointForNewTest": false,
				"exitPoint": false,
				"fileId": "starbucks_bot_how_to_take_an_order##1",
				"filename": "",
				"from": "Lin",
				"groupid": 0,
				"id": 25,
				"isEntryPointForNewBot": false,
				"isEntryPointForNewTest": false,
				"isExitPoint": false,
				"mediaUrl": "",
				"nextBubbleId": 26,
				"nextErrorBubbleId": 0,
				"optionsCount": 0,
				"questionsCount": 0,
				"responseType": 0,
				"score": 0,
				"scoreBasedNextBubblesId": "",
				"text": "Listen to the customer carefully.",
				"timeStamp": 1482128525684
			},
			{
				"acceptedIncorrectResponses": [],
				"answerType": 0,
				"answers": [],
				"audioState": 0,
				"correctResponses": [],
				"delay": 2,
				"entryPointForNewBot": false,
				"entryPointForNewTest": false,
				"exitPoint": false,
				"fileId": "starbucks_bot_how_to_take_an_order##1",
				"filename": "",
				"from": "Lin",
				"groupid": 0,
				"id": 26,
				"isEntryPointForNewBot": false,
				"isEntryPointForNewTest": false,
				"isExitPoint": false,
				"mediaUrl": "",
				"nextBubbleId": 27,
				"nextErrorBubbleId": 0,
				"optionsCount": 0,
				"questionsCount": 0,
				"responseType": 0,
				"score": 0,
				"scoreBasedNextBubblesId": "",
				"text": "He wants 1 <i>grande</i> cappuccino and 1 <i>venti</i> caffe latte.",
				"timeStamp": 1482128528711
			},
			{
				"acceptedIncorrectResponses": [],
				"answerType": 0,
				"answers": [
					{
						"answerType": 1,
						"fileId": "starbucks_bot_how_to_take_an_order##1",
						"filename": "",
						"id": 27,
						"isEntryPointForNewBot": false,
						"isEntryPointForNewTest": false,
						"isExitPoint": false,
						"nextBubbleId": 28,
						"questionsCount": 0,
						"score": 0,
						"text": "Do you want anything to eat?"
					},
					{
						"answerType": 1,
						"fileId": "starbucks_bot_how_to_take_an_order##1",
						"filename": "",
						"id": 27,
						"isEntryPointForNewBot": false,
						"isEntryPointForNewTest": false,
						"isExitPoint": false,
						"nextBubbleId": 30,
						"questionsCount": 0,
						"score": 1,
						"text": "Would you like anything to eat?"
					},
					{
						"answerType": 1,
						"fileId": "starbucks_bot_how_to_take_an_order##1",
						"filename": "",
						"id": 27,
						"isEntryPointForNewBot": false,
						"isEntryPointForNewTest": false,
						"isExitPoint": false,
						"nextBubbleId": 31,
						"questionsCount": 0,
						"score": 0,
						"text": "Please tell me your food order."
					}
				],
				"audioState": 0,
				"correctResponses": [],
				"delay": 2,
				"entryPointForNewBot": false,
				"entryPointForNewTest": false,
				"exitPoint": false,
				"fileId": "starbucks_bot_how_to_take_an_order##1",
				"filename": "",
				"from": "Lin",
				"groupid": 0,
				"id": 27,
				"isEntryPointForNewBot": false,
				"isEntryPointForNewTest": false,
				"isExitPoint": false,
				"mediaUrl": "",
				"nextBubbleId": 32,
				"nextErrorBubbleId": 0,
				"optionsCount": 3,
				"questionsCount": 0,
				"responseType": 1,
				"score": 0,
				"scoreBasedNextBubblesId": "",
				"text": "Next, how will you take the food order?",
				"timeStamp": 1482128531722
			},
			{
				"acceptedIncorrectResponses": [],
				"answerType": 1,
				"answers": [],
				"audioState": 0,
				"correctResponses": [],
				"delay": 0,
				"entryPointForNewBot": false,
				"entryPointForNewTest": false,
				"exitPoint": false,
				"fileId": "starbucks_bot_how_to_take_an_order##1",
				"filename": "",
				"from": "User",
				"groupid": 0,
				"id": 27,
				"isEntryPointForNewBot": false,
				"isEntryPointForNewTest": false,
				"isExitPoint": false,
				"nextBubbleId": 30,
				"nextErrorBubbleId": 0,
				"optionsCount": 0,
				"questionsCount": 0,
				"responseType": 0,
				"score": 1,
				"scoreBasedNextBubblesId": "",
				"text": "Would you like anything to eat?",
				"timeStamp": 1482128533857
			},
			{
				"acceptedIncorrectResponses": [],
				"answerType": 0,
				"answers": [],
				"audioState": 0,
				"correctResponses": [],
				"delay": 1,
				"entryPointForNewBot": false,
				"entryPointForNewTest": false,
				"exitPoint": false,
				"fileId": "starbucks_bot_how_to_take_an_order##1",
				"filename": "",
				"from": "Lin",
				"groupid": 0,
				"id": 30,
				"isEntryPointForNewBot": false,
				"isEntryPointForNewTest": false,
				"isExitPoint": false,
				"mediaUrl": "",
				"nextBubbleId": 32,
				"nextErrorBubbleId": 0,
				"optionsCount": 0,
				"questionsCount": 0,
				"responseType": 0,
				"score": 0,
				"scoreBasedNextBubblesId": "",
				"text": "Spot on! 👌",
				"timeStamp": 1482128536873
			},
			{
				"acceptedIncorrectResponses": [],
				"answerType": 0,
				"answers": [],
				"audioState": 0,
				"correctResponses": [],
				"delay": 2,
				"entryPointForNewBot": false,
				"entryPointForNewTest": false,
				"exitPoint": false,
				"fileId": "starbucks_bot_how_to_take_an_order##1",
				"filename": "",
				"from": "Lin",
				"groupid": 0,
				"id": 32,
				"isEntryPointForNewBot": false,
				"isEntryPointForNewTest": false,
				"isExitPoint": false,
				"mediaUrl": "",
				"nextBubbleId": 33,
				"nextErrorBubbleId": 0,
				"optionsCount": 0,
				"questionsCount": 0,
				"responseType": 0,
				"score": 0,
				"scoreBasedNextBubblesId": "",
				"text": "Let's listen to the customer's food order.",
				"timeStamp": 1482128539394
			},
			{
				"acceptedIncorrectResponses": [],
				"answerType": 0,
				"answers": [
					{
						"answerType": 0,
						"fileId": "starbucks_bot_how_to_take_an_order##1",
						"filename": "",
						"id": 33,
						"isEntryPointForNewBot": false,
						"isEntryPointForNewTest": false,
						"isExitPoint": false,
						"nextBubbleId": 34,
						"questionsCount": 0,
						"score": 0,
						"text": "Noted 📝"
					}
				],
				"audioState": 0,
				"correctResponses": [],
				"delay": 2,
				"entryPointForNewBot": false,
				"entryPointForNewTest": false,
				"exitPoint": false,
				"fileId": "starbucks_bot_how_to_take_an_order##1",
				"filename": "",
				"from": "Lin",
				"groupid": 0,
				"id": 33,
				"isEntryPointForNewBot": false,
				"isEntryPointForNewTest": false,
				"isExitPoint": false,
				"mediaUrl": "how_to_take_an_order_3.3gp",
				"nextBubbleId": 34,
				"nextErrorBubbleId": 0,
				"optionsCount": 1,
				"questionsCount": 0,
				"responseType": 3,
				"score": 0,
				"scoreBasedNextBubblesId": "",
				"text": "",
				"timeStamp": 1482128542411
			},
			{
				"acceptedIncorrectResponses": [],
				"answerType": 0,
				"answers": [],
				"audioState": 0,
				"correctResponses": [],
				"delay": 0,
				"entryPointForNewBot": false,
				"entryPointForNewTest": false,
				"exitPoint": false,
				"fileId": "starbucks_bot_how_to_take_an_order##1",
				"filename": "",
				"from": "User",
				"groupid": 0,
				"id": 33,
				"isEntryPointForNewBot": false,
				"isEntryPointForNewTest": false,
				"isExitPoint": false,
				"nextBubbleId": 34,
				"nextErrorBubbleId": 0,
				"optionsCount": 0,
				"questionsCount": 0,
				"responseType": 0,
				"score": 0,
				"scoreBasedNextBubblesId": "",
				"text": "Noted 📝",
				"timeStamp": 1482128543930
			},
			{
				"acceptedIncorrectResponses": [],
				"answerType": 0,
				"answers": [
					{
						"answerType": 1,
						"fileId": "starbucks_bot_how_to_take_an_order##1",
						"filename": "",
						"id": 34,
						"isEntryPointForNewBot": false,
						"isEntryPointForNewTest": false,
						"isExitPoint": false,
						"nextBubbleId": 36,
						"questionsCount": 0,
						"score": 1,
						"text": "Chocolate, raspberry, crunch cake"
					},
					{
						"answerType": 1,
						"fileId": "starbucks_bot_how_to_take_an_order##1",
						"filename": "",
						"id": 34,
						"isEntryPointForNewBot": false,
						"isEntryPointForNewTest": false,
						"isExitPoint": false,
						"nextBubbleId": 35,
						"questionsCount": 0,
						"score": 0,
						"text": "Chocolate, red berry, crumb cake"
					},
					{
						"answerType": 1,
						"fileId": "starbucks_bot_how_to_take_an_order##1",
						"filename": "",
						"id": 34,
						"isEntryPointForNewBot": false,
						"isEntryPointForNewTest": false,
						"isExitPoint": false,
						"nextBubbleId": 35,
						"questionsCount": 0,
						"score": 0,
						"text": "Chocolate, raspberry, crumb cake"
					}
				],
				"audioState": 0,
				"correctResponses": [],
				"delay": 2,
				"entryPointForNewBot": false,
				"entryPointForNewTest": false,
				"exitPoint": false,
				"fileId": "starbucks_bot_how_to_take_an_order##1",
				"filename": "",
				"from": "Lin",
				"groupid": 0,
				"id": 34,
				"isEntryPointForNewBot": false,
				"isEntryPointForNewTest": false,
				"isExitPoint": false,
				"mediaUrl": "",
				"nextBubbleId": 37,
				"nextErrorBubbleId": 0,
				"optionsCount": 3,
				"questionsCount": 0,
				"responseType": 1,
				"score": 0,
				"scoreBasedNextBubblesId": "",
				"text": "What did the customer order?",
				"timeStamp": 1482128546948
			},
			{
				"acceptedIncorrectResponses": [],
				"answerType": 1,
				"answers": [],
				"audioState": 0,
				"correctResponses": [],
				"delay": 0,
				"entryPointForNewBot": false,
				"entryPointForNewTest": false,
				"exitPoint": false,
				"fileId": "starbucks_bot_how_to_take_an_order##1",
				"filename": "",
				"from": "User",
				"groupid": 0,
				"id": 34,
				"isEntryPointForNewBot": false,
				"isEntryPointForNewTest": false,
				"isExitPoint": false,
				"nextBubbleId": 35,
				"nextErrorBubbleId": 0,
				"optionsCount": 0,
				"questionsCount": 0,
				"responseType": 0,
				"score": 0,
				"scoreBasedNextBubblesId": "",
				"text": "Chocolate, red berry, crumb cake",
				"timeStamp": 1482128548544
			},
			{
				"acceptedIncorrectResponses": [],
				"answerType": 0,
				"answers": [],
				"audioState": 0,
				"correctResponses": [],
				"delay": 2,
				"entryPointForNewBot": false,
				"entryPointForNewTest": false,
				"exitPoint": false,
				"fileId": "starbucks_bot_how_to_take_an_order##1",
				"filename": "",
				"from": "Lin",
				"groupid": 0,
				"id": 35,
				"isEntryPointForNewBot": false,
				"isEntryPointForNewTest": false,
				"isExitPoint": false,
				"mediaUrl": "",
				"nextBubbleId": 37,
				"nextErrorBubbleId": 0,
				"optionsCount": 0,
				"questionsCount": 0,
				"responseType": 0,
				"score": 0,
				"scoreBasedNextBubblesId": "",
				"text": "The customer ordered a chocolate, <i>raspberry</i>, <i>crunch</i> cake. ✅",
				"timeStamp": 1482128551559
			},
			{
				"acceptedIncorrectResponses": [],
				"answerType": 0,
				"answers": [],
				"audioState": 0,
				"correctResponses": [],
				"delay": 2,
				"entryPointForNewBot": false,
				"entryPointForNewTest": false,
				"exitPoint": false,
				"fileId": "starbucks_bot_how_to_take_an_order##1",
				"filename": "",
				"from": "Lin",
				"groupid": 0,
				"id": 37,
				"isEntryPointForNewBot": false,
				"isEntryPointForNewTest": false,
				"isExitPoint": false,
				"mediaUrl": "",
				"nextBubbleId": 38,
				"nextErrorBubbleId": 0,
				"optionsCount": 0,
				"questionsCount": 0,
				"responseType": 0,
				"score": 0,
				"scoreBasedNextBubblesId": "",
				"text": "The customer has now ordered drinks and food.",
				"timeStamp": 1482128554586
			},
			{
				"acceptedIncorrectResponses": [],
				"answerType": 0,
				"answers": [
					{
						"answerType": 1,
						"fileId": "starbucks_bot_how_to_take_an_order##1",
						"filename": "",
						"id": 38,
						"isEntryPointForNewBot": false,
						"isEntryPointForNewTest": false,
						"isExitPoint": false,
						"nextBubbleId": 39,
						"questionsCount": 0,
						"score": 0,
						"text": "Is that all?"
					},
					{
						"answerType": 1,
						"fileId": "starbucks_bot_how_to_take_an_order##1",
						"filename": "",
						"id": 38,
						"isEntryPointForNewBot": false,
						"isEntryPointForNewTest": false,
						"isExitPoint": false,
						"nextBubbleId": 40,
						"questionsCount": 0,
						"score": 0,
						"text": "Thank you for the order."
					},
					{
						"answerType": 1,
						"fileId": "starbucks_bot_how_to_take_an_order##1",
						"filename": "",
						"id": 38,
						"isEntryPointForNewBot": false,
						"isEntryPointForNewTest": false,
						"isExitPoint": false,
						"nextBubbleId": 41,
						"questionsCount": 0,
						"score": 1,
						"text": "Would you like anything else?"
					}
				],
				"audioState": 0,
				"correctResponses": [],
				"delay": 2,
				"entryPointForNewBot": false,
				"entryPointForNewTest": false,
				"exitPoint": false,
				"fileId": "starbucks_bot_how_to_take_an_order##1",
				"filename": "",
				"from": "Lin",
				"groupid": 0,
				"id": 38,
				"isEntryPointForNewBot": false,
				"isEntryPointForNewTest": false,
				"isExitPoint": false,
				"mediaUrl": "",
				"nextBubbleId": 42,
				"nextErrorBubbleId": 0,
				"optionsCount": 3,
				"questionsCount": 0,
				"responseType": 1,
				"score": 0,
				"scoreBasedNextBubblesId": "",
				"text": "What will you say next?",
				"timeStamp": 1482128557598
			},
			{
				"acceptedIncorrectResponses": [],
				"answerType": 1,
				"answers": [],
				"audioState": 0,
				"correctResponses": [],
				"delay": 0,
				"entryPointForNewBot": false,
				"entryPointForNewTest": false,
				"exitPoint": false,
				"fileId": "starbucks_bot_how_to_take_an_order##1",
				"filename": "",
				"from": "User",
				"groupid": 0,
				"id": 38,
				"isEntryPointForNewBot": false,
				"isEntryPointForNewTest": false,
				"isExitPoint": false,
				"nextBubbleId": 39,
				"nextErrorBubbleId": 0,
				"optionsCount": 0,
				"questionsCount": 0,
				"responseType": 0,
				"score": 0,
				"scoreBasedNextBubblesId": "",
				"text": "Is that all?",
				"timeStamp": 1482128560473
			},
			{
				"acceptedIncorrectResponses": [],
				"answerType": 0,
				"answers": [],
				"audioState": 0,
				"correctResponses": [],
				"delay": 2,
				"entryPointForNewBot": false,
				"entryPointForNewTest": false,
				"exitPoint": false,
				"fileId": "starbucks_bot_how_to_take_an_order##1",
				"filename": "",
				"from": "Lin",
				"groupid": 0,
				"id": 39,
				"isEntryPointForNewBot": false,
				"isEntryPointForNewTest": false,
				"isExitPoint": false,
				"mediaUrl": "",
				"nextBubbleId": 42,
				"nextErrorBubbleId": 0,
				"optionsCount": 0,
				"questionsCount": 0,
				"responseType": 0,
				"score": 0,
				"scoreBasedNextBubblesId": "",
				"text": "A nice way to ask would be - <i>Would you like anything else?</i>",
				"timeStamp": 1482128563492
			},
			{
				"acceptedIncorrectResponses": [],
				"answerType": 0,
				"answers": [
					{
						"answerType": 1,
						"fileId": "starbucks_bot_how_to_take_an_order##1",
						"filename": "",
						"id": 42,
						"isEntryPointForNewBot": false,
						"isEntryPointForNewTest": false,
						"isExitPoint": false,
						"nextBubbleId": 43,
						"questionsCount": 0,
						"score": 0,
						"text": "Thank the customer"
					},
					{
						"answerType": 1,
						"fileId": "starbucks_bot_how_to_take_an_order##1",
						"filename": "",
						"id": 42,
						"isEntryPointForNewBot": false,
						"isEntryPointForNewTest": false,
						"isExitPoint": false,
						"nextBubbleId": 44,
						"questionsCount": 0,
						"score": 1,
						"text": "Repeat the order"
					},
					{
						"answerType": 1,
						"fileId": "starbucks_bot_how_to_take_an_order##1",
						"filename": "",
						"id": 42,
						"isEntryPointForNewBot": false,
						"isEntryPointForNewTest": false,
						"isExitPoint": false,
						"nextBubbleId": 43,
						"questionsCount": 0,
						"score": 0,
						"text": "Tell the total amount"
					}
				],
				"audioState": 0,
				"correctResponses": [],
				"delay": 2,
				"entryPointForNewBot": false,
				"entryPointForNewTest": false,
				"exitPoint": false,
				"fileId": "starbucks_bot_how_to_take_an_order##1",
				"filename": "",
				"from": "Lin",
				"groupid": 0,
				"id": 42,
				"isEntryPointForNewBot": false,
				"isEntryPointForNewTest": false,
				"isExitPoint": false,
				"mediaUrl": "",
				"nextBubbleId": 45,
				"nextErrorBubbleId": 0,
				"optionsCount": 3,
				"questionsCount": 0,
				"responseType": 1,
				"score": 0,
				"scoreBasedNextBubblesId": "",
				"text": "If the customer has finished the order, what is the next step?",
				"timeStamp": 1482128566519
			},
			{
				"acceptedIncorrectResponses": [],
				"answerType": 1,
				"answers": [],
				"audioState": 0,
				"correctResponses": [],
				"delay": 0,
				"entryPointForNewBot": false,
				"entryPointForNewTest": false,
				"exitPoint": false,
				"fileId": "starbucks_bot_how_to_take_an_order##1",
				"filename": "",
				"from": "User",
				"groupid": 0,
				"id": 42,
				"isEntryPointForNewBot": false,
				"isEntryPointForNewTest": false,
				"isExitPoint": false,
				"nextBubbleId": 44,
				"nextErrorBubbleId": 0,
				"optionsCount": 0,
				"questionsCount": 0,
				"responseType": 0,
				"score": 1,
				"scoreBasedNextBubblesId": "",
				"text": "Repeat the order",
				"timeStamp": 1482128570031
			},
			{
				"acceptedIncorrectResponses": [],
				"answerType": 0,
				"answers": [],
				"audioState": 0,
				"correctResponses": [],
				"delay": 2,
				"entryPointForNewBot": false,
				"entryPointForNewTest": false,
				"exitPoint": false,
				"fileId": "starbucks_bot_how_to_take_an_order##1",
				"filename": "",
				"from": "Lin",
				"groupid": 0,
				"id": 44,
				"isEntryPointForNewBot": false,
				"isEntryPointForNewTest": false,
				"isExitPoint": false,
				"mediaUrl": "",
				"nextBubbleId": 45,
				"nextErrorBubbleId": 0,
				"optionsCount": 0,
				"questionsCount": 0,
				"responseType": 0,
				"score": 0,
				"scoreBasedNextBubblesId": "",
				"text": "Excellent 😊",
				"timeStamp": 1482128573050
			},
			{
				"acceptedIncorrectResponses": [],
				"answerType": 0,
				"answers": [],
				"audioState": 0,
				"correctResponses": [],
				"delay": 2,
				"entryPointForNewBot": false,
				"entryPointForNewTest": false,
				"exitPoint": false,
				"fileId": "starbucks_bot_how_to_take_an_order##1",
				"filename": "",
				"from": "Lin",
				"groupid": 0,
				"id": 45,
				"isEntryPointForNewBot": false,
				"isEntryPointForNewTest": false,
				"isExitPoint": false,
				"mediaUrl": "",
				"nextBubbleId": 46,
				"nextErrorBubbleId": 0,
				"optionsCount": 0,
				"questionsCount": 0,
				"responseType": 0,
				"score": 0,
				"scoreBasedNextBubblesId": "",
				"text": "Here's how you could read out the final order -",
				"timeStamp": 1482128576060
			},
			{
				"acceptedIncorrectResponses": [],
				"answerType": 0,
				"answers": [
					{
						"answerType": 0,
						"fileId": "starbucks_bot_how_to_take_an_order##1",
						"filename": "",
						"id": 46,
						"isEntryPointForNewBot": false,
						"isEntryPointForNewTest": false,
						"isExitPoint": false,
						"nextBubbleId": 47,
						"questionsCount": 0,
						"score": 0,
						"text": "Understood"
					}
				],
				"audioState": 0,
				"correctResponses": [],
				"delay": 2,
				"entryPointForNewBot": false,
				"entryPointForNewTest": false,
				"exitPoint": false,
				"fileId": "starbucks_bot_how_to_take_an_order##1",
				"filename": "",
				"from": "Lin",
				"groupid": 0,
				"id": 46,
				"isEntryPointForNewBot": false,
				"isEntryPointForNewTest": false,
				"isExitPoint": false,
				"mediaUrl": "how_to_take_an_order_5.3gp",
				"nextBubbleId": 47,
				"nextErrorBubbleId": 0,
				"optionsCount": 1,
				"questionsCount": 0,
				"responseType": 3,
				"score": 0,
				"scoreBasedNextBubblesId": "",
				"text": "",
				"timeStamp": 1482128579085
			},
			{
				"acceptedIncorrectResponses": [],
				"answerType": 0,
				"answers": [],
				"audioState": 0,
				"correctResponses": [],
				"delay": 0,
				"entryPointForNewBot": false,
				"entryPointForNewTest": false,
				"exitPoint": false,
				"fileId": "starbucks_bot_how_to_take_an_order##1",
				"filename": "",
				"from": "User",
				"groupid": 0,
				"id": 46,
				"isEntryPointForNewBot": false,
				"isEntryPointForNewTest": false,
				"isExitPoint": false,
				"nextBubbleId": 47,
				"nextErrorBubbleId": 0,
				"optionsCount": 0,
				"questionsCount": 0,
				"responseType": 0,
				"score": 0,
				"scoreBasedNextBubblesId": "",
				"text": "Understood",
				"timeStamp": 1482128580503
			},
			{
				"acceptedIncorrectResponses": [],
				"answerType": 0,
				"answers": [
					{
						"answerType": 1,
						"fileId": "starbucks_bot_how_to_take_an_order##1",
						"filename": "",
						"id": 47,
						"isEntryPointForNewBot": false,
						"isEntryPointForNewTest": false,
						"isExitPoint": false,
						"nextBubbleId": 48,
						"questionsCount": 0,
						"score": 1,
						"text": "Tell the total amount and ask for the customer's name"
					},
					{
						"answerType": 1,
						"fileId": "starbucks_bot_how_to_take_an_order##1",
						"filename": "",
						"id": 47,
						"isEntryPointForNewBot": false,
						"isEntryPointForNewTest": false,
						"isExitPoint": false,
						"nextBubbleId": 49,
						"questionsCount": 0,
						"score": 0,
						"text": "Thank the customer and tell him the total amount."
					},
					{
						"answerType": 1,
						"fileId": "starbucks_bot_how_to_take_an_order##1",
						"filename": "",
						"id": 47,
						"isEntryPointForNewBot": false,
						"isEntryPointForNewTest": false,
						"isExitPoint": false,
						"nextBubbleId": 49,
						"questionsCount": 0,
						"score": 0,
						"text": "Tell the customer the total amount."
					}
				],
				"audioState": 0,
				"correctResponses": [],
				"delay": 2,
				"entryPointForNewBot": false,
				"entryPointForNewTest": false,
				"exitPoint": false,
				"fileId": "starbucks_bot_how_to_take_an_order##1",
				"filename": "",
				"from": "Lin",
				"groupid": 0,
				"id": 47,
				"isEntryPointForNewBot": false,
				"isEntryPointForNewTest": false,
				"isExitPoint": false,
				"mediaUrl": "",
				"nextBubbleId": 45,
				"nextErrorBubbleId": 0,
				"optionsCount": 3,
				"questionsCount": 0,
				"responseType": 1,
				"score": 0,
				"scoreBasedNextBubblesId": "",
				"text": "Great! The customer confirms the order. What's the next step?",
				"timeStamp": 1482128583522
			},
			{
				"acceptedIncorrectResponses": [],
				"answerType": 1,
				"answers": [],
				"audioState": 0,
				"correctResponses": [],
				"delay": 0,
				"entryPointForNewBot": false,
				"entryPointForNewTest": false,
				"exitPoint": false,
				"fileId": "starbucks_bot_how_to_take_an_order##1",
				"filename": "",
				"from": "User",
				"groupid": 0,
				"id": 47,
				"isEntryPointForNewBot": false,
				"isEntryPointForNewTest": false,
				"isExitPoint": false,
				"nextBubbleId": 49,
				"nextErrorBubbleId": 0,
				"optionsCount": 0,
				"questionsCount": 0,
				"responseType": 0,
				"score": 0,
				"scoreBasedNextBubblesId": "",
				"text": "Thank the customer and tell him the total amount.",
				"timeStamp": 1482128586914
			},
			{
				"acceptedIncorrectResponses": [],
				"answerType": 0,
				"answers": [],
				"audioState": 0,
				"correctResponses": [],
				"delay": 2,
				"entryPointForNewBot": false,
				"entryPointForNewTest": false,
				"exitPoint": false,
				"fileId": "starbucks_bot_how_to_take_an_order##1",
				"filename": "",
				"from": "Lin",
				"groupid": 0,
				"id": 49,
				"isEntryPointForNewBot": false,
				"isEntryPointForNewTest": false,
				"isExitPoint": false,
				"mediaUrl": "",
				"nextBubbleId": 50,
				"nextErrorBubbleId": 0,
				"optionsCount": 0,
				"questionsCount": 0,
				"responseType": 0,
				"score": 0,
				"scoreBasedNextBubblesId": "",
				"text": "Here's how you tell him the amount and ask for his name -",
				"timeStamp": 1482128589932
			},
			{
				"acceptedIncorrectResponses": [],
				"answerType": 0,
				"answers": [
					{
						"answerType": 0,
						"fileId": "starbucks_bot_how_to_take_an_order##1",
						"filename": "",
						"id": 50,
						"isEntryPointForNewBot": false,
						"isEntryPointForNewTest": false,
						"isExitPoint": false,
						"nextBubbleId": 51,
						"questionsCount": 0,
						"score": 0,
						"text": "Alright 😊"
					}
				],
				"audioState": 0,
				"correctResponses": [],
				"delay": 2,
				"entryPointForNewBot": false,
				"entryPointForNewTest": false,
				"exitPoint": false,
				"fileId": "starbucks_bot_how_to_take_an_order##1",
				"filename": "",
				"from": "Lin",
				"groupid": 0,
				"id": 50,
				"isEntryPointForNewBot": false,
				"isEntryPointForNewTest": false,
				"isExitPoint": false,
				"mediaUrl": "how_to_take_an_order_6.3gp",
				"nextBubbleId": 51,
				"nextErrorBubbleId": 0,
				"optionsCount": 1,
				"questionsCount": 0,
				"responseType": 3,
				"score": 0,
				"scoreBasedNextBubblesId": "",
				"text": "",
				"timeStamp": 1482128592940
			},
			{
				"acceptedIncorrectResponses": [],
				"answerType": 0,
				"answers": [],
				"audioState": 0,
				"correctResponses": [],
				"delay": 0,
				"entryPointForNewBot": false,
				"entryPointForNewTest": false,
				"exitPoint": false,
				"fileId": "starbucks_bot_how_to_take_an_order##1",
				"filename": "",
				"from": "User",
				"groupid": 0,
				"id": 50,
				"isEntryPointForNewBot": false,
				"isEntryPointForNewTest": false,
				"isExitPoint": false,
				"nextBubbleId": 51,
				"nextErrorBubbleId": 0,
				"optionsCount": 0,
				"questionsCount": 0,
				"responseType": 0,
				"score": 0,
				"scoreBasedNextBubblesId": "",
				"text": "Alright 😊",
				"timeStamp": 1482128594431
			},
			{
				"acceptedIncorrectResponses": [],
				"answerType": 0,
				"answers": [],
				"audioState": 0,
				"correctResponses": [],
				"delay": 2,
				"entryPointForNewBot": false,
				"entryPointForNewTest": false,
				"exitPoint": false,
				"fileId": "starbucks_bot_how_to_take_an_order##1",
				"filename": "",
				"from": "Lin",
				"groupid": 0,
				"id": 51,
				"isEntryPointForNewBot": false,
				"isEntryPointForNewTest": false,
				"isExitPoint": false,
				"mediaUrl": "",
				"nextBubbleId": 52,
				"nextErrorBubbleId": 0,
				"optionsCount": 0,
				"questionsCount": 0,
				"responseType": 0,
				"score": 0,
				"scoreBasedNextBubblesId": "",
				"text": "The ordering process is complete! Well done 😊",
				"timeStamp": 1482128597449
			},
			{
				"acceptedIncorrectResponses": [],
				"answerType": 0,
				"answers": [],
				"audioState": 0,
				"correctResponses": [],
				"delay": 2,
				"entryPointForNewBot": false,
				"entryPointForNewTest": false,
				"exitPoint": false,
				"fileId": "starbucks_bot_how_to_take_an_order##1",
				"filename": "",
				"from": "Lin",
				"groupid": 0,
				"id": 52,
				"isEntryPointForNewBot": false,
				"isEntryPointForNewTest": false,
				"isExitPoint": false,
				"mediaUrl": "",
				"nextBubbleId": 53,
				"nextErrorBubbleId": 0,
				"optionsCount": 0,
				"questionsCount": 0,
				"responseType": 0,
				"score": 0,
				"scoreBasedNextBubblesId": "",
				"text": "In the end, thank the customer and tell him when the order will be ready. <br> You could say -",
				"timeStamp": 1482128600474
			},
			{
				"acceptedIncorrectResponses": [],
				"answerType": 0,
				"answers": [
					{
						"answerType": 0,
						"fileId": "starbucks_bot_how_to_take_an_order##1",
						"filename": "",
						"id": 53,
						"isEntryPointForNewBot": false,
						"isEntryPointForNewTest": false,
						"isExitPoint": false,
						"nextBubbleId": 54,
						"questionsCount": 0,
						"score": 0,
						"text": "Got it 👍"
					}
				],
				"audioState": 0,
				"correctResponses": [],
				"delay": 2,
				"entryPointForNewBot": false,
				"entryPointForNewTest": false,
				"exitPoint": false,
				"fileId": "starbucks_bot_how_to_take_an_order##1",
				"filename": "",
				"from": "Lin",
				"groupid": 0,
				"id": 53,
				"isEntryPointForNewBot": false,
				"isEntryPointForNewTest": false,
				"isExitPoint": false,
				"mediaUrl": "how_to_take_an_order_7.3gp",
				"nextBubbleId": 54,
				"nextErrorBubbleId": 0,
				"optionsCount": 1,
				"questionsCount": 0,
				"responseType": 3,
				"score": 0,
				"scoreBasedNextBubblesId": "",
				"text": "",
				"timeStamp": 1482128603490
			},
			{
				"acceptedIncorrectResponses": [],
				"answerType": 0,
				"answers": [],
				"audioState": 0,
				"correctResponses": [],
				"delay": 0,
				"entryPointForNewBot": false,
				"entryPointForNewTest": false,
				"exitPoint": false,
				"fileId": "starbucks_bot_how_to_take_an_order##1",
				"filename": "",
				"from": "User",
				"groupid": 0,
				"id": 53,
				"isEntryPointForNewBot": false,
				"isEntryPointForNewTest": false,
				"isExitPoint": false,
				"nextBubbleId": 54,
				"nextErrorBubbleId": 0,
				"optionsCount": 0,
				"questionsCount": 0,
				"responseType": 0,
				"score": 0,
				"scoreBasedNextBubblesId": "",
				"text": "Got it 👍",
				"timeStamp": 1482128606215
			},
			{
				"acceptedIncorrectResponses": [],
				"answerType": 0,
				"answers": [],
				"audioState": 0,
				"correctResponses": [],
				"delay": 2,
				"entryPointForNewBot": false,
				"entryPointForNewTest": false,
				"exitPoint": false,
				"fileId": "starbucks_bot_how_to_take_an_order##1",
				"filename": "",
				"from": "Lin",
				"groupid": 0,
				"id": 54,
				"isEntryPointForNewBot": false,
				"isEntryPointForNewTest": false,
				"isExitPoint": false,
				"mediaUrl": "",
				"nextBubbleId": 55,
				"nextErrorBubbleId": 0,
				"optionsCount": 0,
				"questionsCount": 0,
				"responseType": 0,
				"score": 0,
				"scoreBasedNextBubblesId": "",
				"text": "Let's listen to that entire conversation again.",
				"timeStamp": 1482128609235
			},
			{
				"acceptedIncorrectResponses": [],
				"answerType": 0,
				"answers": [
					{
						"answerType": 0,
						"fileId": "starbucks_bot_how_to_take_an_order##1",
						"filename": "",
						"id": 55,
						"isEntryPointForNewBot": false,
						"isEntryPointForNewTest": false,
						"isExitPoint": false,
						"nextBubbleId": 56,
						"questionsCount": 0,
						"score": 0,
						"text": "Done 😊"
					}
				],
				"audioState": 0,
				"correctResponses": [],
				"delay": 2,
				"entryPointForNewBot": false,
				"entryPointForNewTest": false,
				"exitPoint": false,
				"fileId": "starbucks_bot_how_to_take_an_order##1",
				"filename": "",
				"from": "Lin",
				"groupid": 0,
				"id": 55,
				"isEntryPointForNewBot": false,
				"isEntryPointForNewTest": false,
				"isExitPoint": false,
				"mediaUrl": "how_to_take_an_order_full.3gp",
				"nextBubbleId": 56,
				"nextErrorBubbleId": 0,
				"optionsCount": 1,
				"questionsCount": 0,
				"responseType": 3,
				"score": 0,
				"scoreBasedNextBubblesId": "",
				"text": "",
				"timeStamp": 1482128612265
			},
			{
				"acceptedIncorrectResponses": [],
				"answerType": 0,
				"answers": [],
				"audioState": 0,
				"correctResponses": [],
				"delay": 0,
				"entryPointForNewBot": false,
				"entryPointForNewTest": false,
				"exitPoint": false,
				"fileId": "starbucks_bot_how_to_take_an_order##1",
				"filename": "",
				"from": "User",
				"groupid": 0,
				"id": 55,
				"isEntryPointForNewBot": false,
				"isEntryPointForNewTest": false,
				"isExitPoint": false,
				"nextBubbleId": 56,
				"nextErrorBubbleId": 0,
				"optionsCount": 0,
				"questionsCount": 0,
				"responseType": 0,
				"score": 0,
				"scoreBasedNextBubblesId": "",
				"text": "Done 😊",
				"timeStamp": 1482128614656
			},
			{
				"acceptedIncorrectResponses": [],
				"answerType": 0,
				"answers": [],
				"audioState": 0,
				"correctResponses": [],
				"delay": 2,
				"entryPointForNewBot": false,
				"entryPointForNewTest": false,
				"exitPoint": false,
				"fileId": "starbucks_bot_how_to_take_an_order##1",
				"filename": "",
				"from": "Lin",
				"groupid": 0,
				"id": 56,
				"isEntryPointForNewBot": false,
				"isEntryPointForNewTest": false,
				"isExitPoint": false,
				"mediaUrl": "",
				"nextBubbleId": 58,
				"nextErrorBubbleId": 0,
				"optionsCount": 0,
				"questionsCount": 0,
				"responseType": 0,
				"score": 0,
				"scoreBasedNextBubblesId": "",
				"text": "Good job! You've learnt how to take an order. 🌟",
				"timeStamp": 1482128617676
			},
			{
				"acceptedIncorrectResponses": [],
				"answerType": 0,
				"answers": [],
				"audioState": 0,
				"correctResponses": [],
				"delay": 2,
				"entryPointForNewBot": false,
				"entryPointForNewTest": false,
				"exitPoint": false,
				"fileId": "starbucks_bot_how_to_take_an_order##1",
				"filename": "",
				"from": "Lin",
				"groupid": 0,
				"id": 58,
				"isEntryPointForNewBot": false,
				"isEntryPointForNewTest": false,
				"isExitPoint": false,
				"mediaUrl": "",
				"nextBubbleId": 59,
				"nextErrorBubbleId": 0,
				"optionsCount": 0,
				"questionsCount": 0,
				"responseType": 0,
				"score": 0,
				"scoreBasedNextBubblesId": "",
				"text": "Make sure you revise everything we've learnt in this chat.",
				"timeStamp": 1482128620701
			},
			{
				"acceptedIncorrectResponses": [],
				"answerType": 0,
				"answers": [],
				"audioState": 0,
				"correctResponses": [],
				"delay": 2,
				"entryPointForNewBot": false,
				"entryPointForNewTest": false,
				"exitPoint": false,
				"fileId": "starbucks_bot_how_to_take_an_order##1",
				"filename": "",
				"from": "Lin",
				"groupid": 0,
				"id": 59,
				"isEntryPointForNewBot": false,
				"isEntryPointForNewTest": false,
				"isExitPoint": false,
				"mediaUrl": "",
				"nextBubbleId": -2,
				"nextErrorBubbleId": 0,
				"optionsCount": 0,
				"questionsCount": 0,
				"responseType": 0,
				"score": 0,
				"scoreBasedNextBubblesId": "",
				"text": "Have a great day! 😃",
				"timeStamp": 1482128623721
			},
			{
				"acceptedIncorrectResponses": [],
				"answerType": 0,
				"answers": [],
				"audioState": 0,
				"correctResponses": [],
				"delay": 0,
				"entryPointForNewBot": false,
				"entryPointForNewTest": false,
				"exitPoint": false,
				"from": "Lin",
				"groupid": 0,
				"id": 0,
				"isEntryPointForNewBot": false,
				"isEntryPointForNewTest": false,
				"isExitPoint": false,
				"nextBubbleId": 0,
				"nextErrorBubbleId": 0,
				"optionsCount": 0,
				"questionsCount": 0,
				"responseType": 5,
				"score": 0,
				"scoreBasedNextBubblesId": "",
				"text": "Rate your experience",
				"timeStamp": 1482128624794
			},
			{
				"acceptedIncorrectResponses": [],
				"answerType": 0,
				"answers": [],
				"audioState": 0,
				"correctResponses": [],
				"delay": 0,
				"entryPointForNewBot": false,
				"entryPointForNewTest": false,
				"exitPoint": false,
				"from": "Lin",
				"groupid": 0,
				"id": 0,
				"isEntryPointForNewBot": false,
				"isEntryPointForNewTest": false,
				"isExitPoint": false,
				"nextBubbleId": 0,
				"nextErrorBubbleId": 0,
				"optionsCount": 0,
				"questionsCount": 0,
				"responseType": 6,
				"score": 0,
				"scoreBasedNextBubblesId": "",
				"text": "Rate your experience",
				"timeStamp": 1482128624795
			},
			{
				"acceptedIncorrectResponses": [],
				"answerType": 0,
				"answers": [
					{
						"answerType": 0,
						"id": 1,
						"isEntryPointForNewBot": false,
						"isEntryPointForNewTest": false,
						"isExitPoint": false,
						"nextBubbleId": -5,
						"questionsCount": 0,
						"score": 0,
						"text": "End this thing."
					},
					{
						"answerType": 0,
						"id": 1,
						"isEntryPointForNewBot": false,
						"isEntryPointForNewTest": false,
						"isExitPoint": false,
						"nextBubbleId": -3,
						"questionsCount": 0,
						"score": 0,
						"text": "New Audio Feature."
					}
				],
				"audioState": 0,
				"correctResponses": [],
				"delay": 0,
				"entryPointForNewBot": false,
				"entryPointForNewTest": false,
				"exitPoint": false,
				"from": "Lin",
				"groupid": 0,
				"id": 1,
				"isEntryPointForNewBot": false,
				"isEntryPointForNewTest": false,
				"isExitPoint": false,
				"nextBubbleId": 0,
				"nextErrorBubbleId": 0,
				"optionsCount": 2,
				"questionsCount": 0,
				"responseType": 1,
				"score": 0,
				"scoreBasedNextBubblesId": "",
				"text": "What would you like to do next.",
				"timeStamp": 1482128625832
			},
			{
				"acceptedIncorrectResponses": [],
				"answerType": 0,
				"answers": [],
				"audioState": 0,
				"correctResponses": [],
				"delay": 0,
				"entryPointForNewBot": false,
				"entryPointForNewTest": false,
				"exitPoint": false,
				"from": "User",
				"groupid": 0,
				"id": 1,
				"isEntryPointForNewBot": false,
				"isEntryPointForNewTest": false,
				"isExitPoint": false,
				"nextBubbleId": -5,
				"nextErrorBubbleId": 0,
				"optionsCount": 0,
				"questionsCount": 0,
				"responseType": 0,
				"score": 0,
				"scoreBasedNextBubblesId": "",
				"text": "End this thing.",
				"timeStamp": 1482128628551
			}
		],
		"scriptName": "starbucks_bot_how_to_take_an_order",
		"sessionId": 16430938759815168,
		"timestamp": 1482128628573,
		"trendId": 9910,
		"userName": "div"
	}
}